page	slug	name
1	P7410-Aunt-Ruby-s-German-Green	Aunt Ruby’s German Green
1	P6625-Yellow-Perfection	Yellow Perfection
1	P7626-White-Wonder	White Wonder
1	P6402-Gold-Dust	Gold Dust
1	P6296-Api-Rouge	Api Rouge
1	P7312-Peche-Blanche	Pêche Blanche
1	P6400-Delice-d-Or	Délice d’Or
1	P6606-Golden-Jubilee	Golden Jubilee
1	P6612-Mountain-Gold	Mountain Gold
1	P6623-Yellow-Belgium	Yellow Belgium
1	P6911-Ispolin	Ispolin
1	P6903-Maritime-Pink	Maritime Pink
1	P7009-Mission-Dike	Mission Dike
1	P7014-Rose-de-Berne	Rose de Berne
1	P6013-Sasha-Altai	Sasha Altaï
1	P6016-Stupice-Stupicke	Stupice / Stupické
1	P6125-Basket-Vee	Basket Vee
1	P6105-Double-Rich	Double Rich
1	P6133-Fireworks	Fireworks
1	P6111-Marmande	Marmande
1	P6118-Perestroika	Perestroika
1	P6201-Bonny-Best	Bonny Best
1	P6220-Merveille-des-Marches	Merveille des Marchés
1	P6262-Roi-Humbert	Roi Humbert
1	P6293-Zakopane	Zakopane
1	P6304-Dix-Doigts-de-Naples	Dix Doigts de Naples
1	P6311-Potiron-Ecarlate	Potiron Écarlate
1	P6005-Moskvich	Moskvich
1	P7510-Precocibec	Precocibec
1	P6752-Orange-Strawberry	Orange Strawberry
1	P6127-Corrogo	Corrogo
1	P6108-Early-Siberian-Sibirskiy-Skorospelyi	Early Siberian / Sibirskiy Skorospelyi
1	P6001-Gem-State	Gem State
1	P5999-Glacier	Glacier
1	P6245-Saint-Pierre	Saint Pierre
1	P6350-San-Marzano	San Marzano
2	P6916-Brandywine-Pink-Joyce-s-Strain	Brandywine Pink Joyce’s Strain
2	P7201-Tigerella	Tigerella
2	P7400-Ananas	Ananas
2	P7315-Paul-Robeson	Paul Robeson
2	P7438-Black-Ethiopian	Black Ethiopian
2	P7440-Black-Pear	Black Pear
2	P7439-Cuban-Black	Cuban Black
2	P7434-Brandywine-Black	Brandywine Black
2	P7433-Black-Star	Black Star
2	P7437-Black-Aisberg	Black Aisberg
2	P7432-Black-Sea-Man	Black Sea Man
2	P7311-Noire-de-Crimee	Noire de Crimée
2	P7406-Prune-Noire	Prune Noire
2	P7491-Speckled-Roman	Speckled Roman
2	P7309-Green-Zebra	Green Zebra
2	P7120-Caspian-Pink	Caspian Pink
2	P7104-Coeur-de-Boeuf-Akers	Cœur de Bœuf Akers
2	P7117-Coeur-de-Boeuf-Hongrois	Cœur de Bœuf Hongrois
2	P7022-Peche-Rose-Fuzzy	Pêche Rose / Fuzzy
2	P7125-German-Johnson-Pink	German Johnson Pink
2	P7006-June-Pink	June Pink
2	P7129-Livingston-s-Magnus	Livingston’s Magnus
2	P7001-Brandywine-Pink	Brandywine Pink
2	P6901-Gregory-Altai	Grégory Altaï
2	P6906-Zarianka	Zarianka
2	P6902-Grushovka	Grushovka
2	P6900-Anna-Russian	Anna Russian
2	P7010-Olirose-de-St-Domingue	Olirose de St Domingue
2	P7109-Coeur-de-Boeuf-Yasha-Yougoslavian	Cœur de Bœuf Yasha Yougoslavian
2	P7503-White-Beauty	White Beauty
2	P7501-White-Queen	White Queen
2	P6766-Amana-Orange	Amana Orange
2	P6755-Azoychka-Russian	Azoychka Russian
2	P6700-Coeur-de-Boeuf-Jaune	Cœur de Bœuf Jaune
2	P6765-Jaune-Flammee	Jaune Flammée
2	P6627-Banana-Legs	Banana Legs
3	P6616-Persimmon	Persimmon
3	P6758-Tangerine	Tangerine
3	P6406-Sol-Gold	Sol Gold
3	P6601-Caro-Rich	Caro Rich
3	P6501-Orange-Queen	Orange Queen
3	P6639-Russian-Persimmon	Russian Persimmon
3	P6604-Coeur-de-Boeuf-Orange	Cœur de Bœuf Orange
3	P6380-Amateur-s-Dream	Amateur’s Dream
3	P6141-Brin-de-Muguet	Brin de Muguet
3	P6109-Eros	Eros
3	P6019-Kotlas	Kotlas
3	P6343-Moscow	Moscow
3	P6117-Peasant	Peasant
3	P6124-Altajsky-Urozajnij	Altaisky Urozajnij
3	P6346-Siberia	Siberia
3	P6007-Odessa	Odessa
3	P6101-Aurora	Aurora
3	P6331-Brandywine-Off-The-Vine	Brandywine Off The Vine
3	P6042-Bulgarian-Triumph	Bulgarian Triumph
3	P6270-Coeur-de-Boeuf-Schilling-Giant	Cœur de Bœuf Schilling Giant
3	P6209-Delicious-de-Burpee	Delicious de Burpee
3	P6212-Giant-Paste	Giant Paste
3	P6216-Kootenai	Kootenai
3	P6277-Muscat	Muscat
3	P6192-Paragon	Paragon
3	P6239-Red-Siberian	Red Siberian
3	P6338-Russian-Giant	Russian Giant
3	P6347-Teton-de-Venus	Téton de Vénus
3	P6225-Geante-d-Orenbourg	Géante d’Orenbourg
3	P6210-Des-Andes	Cornue des Andes
3	P6271-Coeur-de-Boeuf-Geant-Reif-Red	Cœur de Bœuf Géant / Reif Red
3	P6341-San-Marzano-Redorta	San Marzano Redorta
3	P6217-Liberty-Bell	Liberty Bell
3	P7515-Spitze	Spitze
3	P6104-De-Berao	De Berao
3	P7450-Copia	Copia
4	P7451-Tuxhorn	Tuxhorn
4	P7305-Striped-German	Striped German
4	P6757-Manyel	Manyel
4	P6910-Clear-Pink	Clear Pink
4	P7034-1884	1884
4	P7134-Brandywine-Sudduth-s-Strain	Brandywine Sudduth’s Strain
4	P7007-Marizol-Purple	Marizol Purple
4	P7135-Crnkovic-Yougoslavian-Pink	Crnkovic Yougoslavian Pink
4	P6214-Grandma-Mary-s-Paste	Grandma Mary’s Paste
4	P6281-Petros	Petros
4	P6253-sieger	Sieger
4	P6356-Ponderosa-Red	Ponderosa Red
4	P6316-Super-Colosse	Super Colosse
4	P7429-Green-Velvet	Green Velvet
4	P7411-Ananas-Vert-Green-Pineapple	Ananas Vert / Green Pineapple
4	P6247-Zogola	Zogola
4	P7038-Ukrainian-Pear	Ukrainian Pear
4	P7506-White-Bush	White Bush
4	P6407-Yellow-Bell	Yellow Bell
4	P6242-Roma-Paste	Roma Paste
4	P6360-Aker-s-West-Virginia	Aker’s West Virginia
4	P6030-Aunt-Mary-s-Paste	Aunt Mary’s Paste
4	P6159-Reine-des-Hatives	Reine des Hâtives
4	P6116-Oregon-Spring	Oregon Spring
4	P6278-Napoli-Ischia	Napoli Ischia
4	P7493-Dorothy-Green	Dorothy Green
4	P7202-Tiger-Tom	Tiger Tom
4	P7200-Cream-Sausage	Cream Sausage
4	P7504-White-Potato-Leaf	White Potato Leaf
4	P7414-Grosse-Blanche	Grosse Blanche
4	P6624-Yellow-Brandywine	Yellow Brandywine
4	P6621-Valencia	Valencia
4	P6613-Orange-Banana	Orange Banana
4	P6703-Golden-Sunray	Golden Sunray
4	P7443-Black-Zebra	Black Zebra
4	P7444-Ananas-Noir	Ananas Noir
5	P7430-Black-From-Tula	Black From Tula
5	P7133-Giant-Belgium	Giant Belgium
5	P7008-Micado-Violettor	Micado Violettor
5	P7132-Tiffen-Mennonite	Tiffen Mennonite
5	P7107-Coeur-de-Boeuf-Slankard	Cœur de Bœuf Slankard
5	P7002-Livingston-s-Main-Crop-Pink	Livingston’s Main Crop Pink
5	P6292-Costoluto-Fiorentino	Costoluto Fiorentino
5	P6032-Azure	Azure
5	P6298-Polish-Linguisa	Polish Linguisa
5	P6204-Calabash-Red	Calabash Red
5	P6299-Coeur-de-Boeuf-de-Nice	Cœur de Bœuf de Nice
5	P6353-Blue-Beech	Blue Beech
5	P6294-Red-Brandywine	Red Brandywine
5	P6352-Livingston-s-Favorite	Livingston’s Favorite
5	P6351-German-Red-Strawberry	German Red Strawberry
5	P6323-Druzba	Druzba
5	P6243-Ropreco-Paste	Ropreco Paste
5	P6289-Trefle-du-Togo	Trèfle du Togo
5	P6280-Opalka	Opalka
5	P6043-Uralskij-Mnogoplodnij	Uralskij Mnogoplodnij
5	P6334-Market-Miracle	Market Miracle
5	P6018-Imur-Prior-Beta	Imur Prior Beta
5	P6012-Santiam	Santiam
5	P6002-High-Country	High Country
5	P6011-Matina	Matina
5	P6036-Belle-Arlesienne	Belle Arlésienne
5	P6234-Popovich	Popovich
5	P6224-Oroma	Oroma
5	P6637-Taxi-Yellow	Taxi Yellow
5	P6041-Aussie	Aussie
5	P7446-Sara-s-Black	Sarah Black
5	P6909-Oaxacan-Rose	Oaxacan Rose
5	P7042-Sandul-Moldovan	Sandul Moldovan
5	P7521-Super-Snow-White	Super Snow White
5	P7453-Red-Zebra	Red Zebra
5	P6705-Hawaiian-Pineapple	Hawaiian Pineapple
6	P6238-Alicante	Alicante
6	P7520-Halfmoon-China	Halfmoon China
6	P7141-Bear-Claw	Bear Claw
6	P7447-Slovenian-Black	Slovenian Black
6	P6006-Northern-Light	Northern Light
6	P6142-Budai-Torpe	Budai Torpe
6	P6701-Kaki-Coing	Kaki Coing
6	P7144-Hungarian-Oval	Hungarian Oval
6	P7404-Brown-Flesh	Brown Flesh
6	P7103-Purple-Calabash	Purple Calabash
6	P7508-Greenwich	Greenwich
6	P7146-Chair-de-Boeuf-Una-Hartsock	Una Hartsock’s Beefsteak
6	P6631-Jaune-a-Farcir	Jaune à Farcir
6	P7505-Beaute-Blanche-du-Canada	Beauté Blanche du Canada
6	P6653-Russian-Lemon	Russian Lemon
6	P6614-Orange-Bourgois	Orange Bourgois
6	P6044-Potager-de-Vilvoorde	Potager de Vilvoorde
6	P6128-Silvery-Fir-Tree-Serebristaya-El	Silvery Fir Tree / Serebristaya El
6	P6611-Moonglow	Moonglow
6	P6368-Green-Brandy	Green Brandy
6	P6385-Redfield-Beauty	Redfield Beauty
6	P6265-Peach-Blow-Sutton	Peach Blow Sutton
6	P6172-Japanese-Black-Trifele	Japanese Black Trifele
6	P6068-White-Tomesol	White Tomesol
6	P6370-Green-Giant	Green Giant
6	P6094-Emmy	Emmy
6	P6186-Kanner-Hoell	Kanner Hoell
6	P6302-Trophy	Trophy
6	P6305-Variegated	Variegated
6	P6086-Blue-Beauty	Blue Beauty
6	P6080-Emerald-Apple	Emerald Apple
6	P6090-Indigo-Apple	Indigo Apple
6	P6174-Pink-Berkeley-Tie-Dye	Pink Berkeley Tie Dye
6	P6065-Sosulka-Chernaya	Sosulka Chernaya
6	P6313-Solar-Flare	Solar Flare
6	P6066-Black-Mauri	Black Mauri
7	P6182-Rosso-Sicilian	Rosso Sicilian
7	P6057-Blue-Green-Zebra	Blue Green Zebra
7	P6061-Woolly-Green-Zebra	Woolly Green Zebra
7	P6308-Russian-Cossack	Russian Cossack
7	P6163-Musk-Zebra	Musk Zebra
7	P6173-Pineapple-Blues	Pineapple Blues
7	P6051-Alki-Blue-Blood	Alki Blue Blood
7	P6371-Violet-Jasper	Violet Jasper
7	P6055-Beauty-Mark	Beauty Mark
7	P6075-Churra-Plum	Churra Plum
7	P6077-Cote-d-Zebra	Cote d’Zebra
7	P6078-Early-Sue	Early Sue
7	P6083-Green-Zebra-Arizona-Hawai-Strain	Green Zebra Arizona Hawai Strain
7	P6059-Pastel-Sleeves	Pastel Sleeves
7	P6180-Polish-Nights	Polish Nights
7	P6181-Pomehana-Apple	Pomehana Apple
7	P6092-Primary-Colors	Primary Colors
7	P6187-Wild-Fred	Wild Fred
7	P6178-Boar-s-Hoof	Boar’s Hoof
7	P6165-Black-Roma	Black Roma
7	P6164-Bedouin	Bédouin
7	P6168-Royal-Purple	Royal Purple
7	P6166-Fioletovyi-Kruglyi	Fioletovyi Kruglyi
7	P6369-Grub-s-Mystery-Green	Grub’s Mystery Green
7	P6324-Absinthe	Absinthe
7	P6091-Jl-Midnight-Select	JL Midnight Select
7	P6088-Bosque-Blue	Bosque Blue
7	P6085-Black-Shadow	Black Shadow
7	P6100-Moravsky-Div	Moravsky Div
7	P6081-Esmeralda-Golosina	Esmeralda Golosina
7	P6175-Rose-Dawn	Rose Dawn
7	P6177-Kolb	Kolb
7	P7190-Stump-Of-The-World	Stump Of The World
7	P7455-Amish-Paste	Amish Paste
7	P7456-Anawine	Anawine
7	L0041-Emily-s-Circle	Emily’s Circle
8	L0088-touquet-vert	Touquet Vert
8	L0093-Nana	Nana
8	L0094-Zebre-Robecq	Zèbre Robecq
8	L0095-Skyreacher	Skyreacher
8	L0060-Buigh-Annane	Buigh Annane
8	L0062-Greener-Zebra	Greener Zebra
8	L0063-Grevys-Green-Zebra	Grevys Green Zebra
8	L0064-Petit-Ananas	Petit Ananas
8	L0065-mazarini	Mazarini
8	L0067-momotaro-atarashii	Momotaro Atarashii
8	L0068-New-Shirmer-Stook	New Shirmer Stook
8	L0125-Green-Ghabbana	Green Ghabbana
8	L0173-Gloire-de-Malines	Gloire de Malines
8	L0172-Rouge-de-Namur	Rouge de Namur
8	P7308-Etoile-Blanche-d-Anvers	Étoile Blanche d’Anvers
8	L0174-Charnue-de-Huy	Charnue de Huy
8	L0207-Cherokee-Green	Cherokee Green
8	L0097-Black-Beauty	Black Beauty
8	L0098-Chestnut-Chocolate	Chestnut Chocolate
8	L0099-Dark-Queen	Dark Queen
8	L0107-Black-And-Brown-Boar	Black And Brown Boar
8	L0108-Michael-Pollan	Michael Pollan
8	L0109-Blonde-Boar	Blonde Boar
8	L0110-Pineapple-Pig	Pineapple Pig
8	L0111-Pink-Furry-Boar	Pink Furry Boar
8	L0112-Red-Furry-Boar	Red Furry Boar
8	L0113-Yellow-Furry-Boar	Yellow Furry Boar
8	L0203-Triomphe-de-Liege	Triomphe de Liège
8	L0157-Canestrino-Di-Lucca	Canestrino Di Lucca
8	L0212-Costoluto-Di-Chivasso	Costoluto Di Chivasso
8	L0307-Carbon	Carbon
8	L0304-Handy-Lady	Handy Lady
8	P6500-auriga	Auriga
8	P6904-Canabec-Rose	Canabec Rose
8	P7500-buckbee-s-beefsteak	Buckbee’s Beefsteak
8	L0482-Early-Dwarf-Red	Early Dwarf Red
9	L0502-Ananas-a-Feuilles-de-Pomme-de-Terre	Ananas à Feuilles de Pomme de Terre
9	L0608-Des-Andes-Orange	Des Andes Orange
9	P6149-Dwarf-Champion	Dwarf Champion
9	L0295-Turk-s-Turban	Turk’s Turban
9	L0589-Summer-Cider-Apricot	Summer Cider Apricot
9	L0651-Poivron-Jaune-Vincent	Jaune de la Saint Vincent
9	L0705-Ace	Ace
9	L0702-Russian-117-Coeur-de-Boeuf	Russian 117 Cœur de Bœuf
9	L0475-Boxer-Rebellion	Boxer Rebellion
9	L0735-Rose-de-Cagnolle	Rose de Cagnolle
9	L0733-Legend	Legend
9	L0814-Sart-Roloise	Sart Roloise
9	L0860-Tomate-En-Melange-a-gros-fruits	Tomate En Mélange à gros fruits
9	L0719-Teton-de-Venus-Jaune	Téton de Vénus Jaune
9	L0914-Kumba	Kumba
9	L0873-Marsha-s-Starfighter-Beefsteak	Marsha’s Starfighter Beefsteak
9	L0828-De-Barao-Jaune	De Barao Jaune
9	L0754-Precoce-de-Quimper	Précoce de Quimper
9	L0477-Joyau-d-Idaho	Joyau d’Idaho
9	P7003-Cherokee-Purple	Cherokee Purple
9	P7427-green-bell-pepper	Green Bell Pepper
9	P7409-Lime-Green	Lime Green
9	P7112-Livingston-s-Beauty	Livingston’s Beauty
9	P7102-Ponderosa-Pink	Ponderosa Pink
9	P7422-Tonnelet	Tonnelet
9	P6203-Burbank	Burbank
9	P7300-Douce-de-Picardie	Douce de Picardie
9	P7401-Mennonite-German-Gold	Mennonite German Gold
9	P6702-Lemon-Bush	Lemon Bush
9	P6622-Verna-Orange	Verna Orange
9	P7020-Zapotec-Pink-Ribbed	Zapotec Pink Ribbed
9	P7108-Coeur-de-Boeuf-Sweet-Heart	Cœur de Bœuf Sweet Heart
9	P7013-Pruden-s-Purple	Pruden’s Purple
9	P6205-Casaque-Rouge	Casaque Rouge
9	P6274-Jupiter	Jupiter
9	P6248-Thessaloniki	Thessaloniki
10	P7418-Deweese-Streaked	Deweese Streaked
10	P7306-Striped-Cavern	Striped Cavern
10	P7442-Charbonneuse	Charbonneuse
10	P7403-Black-Prince	Black Prince
10	P7301-Evergreen	Evergreen
10	P7492-Moldovan-Green	Moldovan Green
10	P7023-Purple-Perfect	Purple Perfect
10	P7121-Watermelon-Beefsteak	Watermelon Beefsteak
10	P7106-Coeur-de-Boeuf-Russe	Cœur de Bœuf Russe
10	P6630-Wonderlight	Wonderlight
10	P6762-Roman-Candle	Roman Candle
10	P7310-Ivory-Egg	Ivory Egg
10	P6335-glasnost	Glasnost
10	P7445-Cherokee-Chocolate	Cherokee Chocolate
10	P6355-Sainte-Lucie	Sainte Lucie
10	P7136-Purple-Russian	Purple Russian
10	P6199-Mountain-Princess	Mountain Princess
10	P6357-Dinner-Plate	Dinner Plate
10	P7428-burracker-s-favorite	Burracker’s Favorite
10	P7206-Charlie-Green	Charlie Green
10	P7495-Green-Sausage	Green Sausage
10	P7494-Tasty-Evergreen	Tasty Evergreen
10	P7116-Coeur-de-Boeuf-Japonais	Cœur de Bœuf Japonais
10	P6218-Long-Keeper	Long Keeper
10	P6259-Mexicaine	Mexicaine
10	P7040-Brimmer	Brimmer
10	P6034-Greoux	Gréoux
10	P7145-Mortgage-Lifter	Mortgage Lifter
10	P6056-Big-Sky-Brandy	Big Sky Brandy
10	P6017-Chalk-s-Early-Jewel	Chalk’s Early Jewel
10	P6087-Blue-Streaks	Blue Streaks
10	P6079-Elberta-Leeway	Elberta Leeway
10	P6095-Orange-Walk	Orange Walk
10	P6170-Sleeping-Lady	Sleeping Lady
10	P6067-Snow-Prince	Snow Prince
10	P6183-Coeur-de-Boeuf-Rostova	Cœur de Bœuf Rostova
11	L0091-Cavendish-Banana	Cavendish Banana
11	L0059-Blue-Dawg	Blue Dawg
11	L0100-Lucid-Gem	Lucid Gem
11	L0101-Persuasion	Persuasion
11	L0102-Dark-Galaxy	Dark Galaxy
11	L0105-Kaleidoscopic-Jewel	Kaleidoscopic Jewel
11	P6023-islandaise	Islandaise
11	P6026-manitoba	Manitoba
11	P6009-prairie-fire	Prairie Fire
11	P6015-sub-arctic-plenty	Sub Arctic Plenty
11	P6139-ailsa-craig	Ailsa Craig
11	P6130-almetia	Almetia
11	P6136-marmande-garnier	Marmande Garnier
11	P6147-polar-beauty	Polar Beauty
11	P6129-wayahead	Wayahead
11	P6200-abraham-lincoln	Abraham Lincoln
11	P6202-budenovka	Budenovka
11	P6206-chair-de-boeuf-precoce-bush-beefsteak	Chair de Bœuf Précoce / Bush Beefsteak
11	P6272-coeur-de-velours	Cœur de Velours
11	P6273-eureka	Eureka
11	P6276-lumina	Lumina
11	P6196-matchless	Matchless
11	P6195-medford	Medford
11	P6282-prevoskodnyj	Prevoskodnyj
11	P6284-reinette-fruitee	Reinette Fruitée
11	P6190-rowpack	Rowpack
11	P6263-salad-master	Salad Master
11	P6329-wasatch-beauty-improved	Wasatch Beauty Improved
11	P6307-lisa-king	Lisa King
11	P6315-super-sioux	Super Sioux
11	P6908-jumbo	Jumbo
11	P7000-arkansas-traveler	Arkansas Traveler
11	P7004-eva-s-purple-ball	Eva’s Purple Ball
11	P7017-pink-ping-pong	Pink Ping Pong
11	P7110-magellan-burgess-purple	Magellan Burgess Purple
11	P6645-sibirische-orange	Sibirische Orange
12	P7142-blue-ridge-mountain	Blue Ridge Mountain
12	P7041-gillogly-pink	Gillogly Pink
12	P6345-surprise-siberia	Surprise Siberia
12	L0479-Dwarf-Shadow-Boxing-Long	Dwarf Shadow Boxing Long
12	L0478-Amitie	Amitié
12	L0616-Coeur-de-Pigeon	Cœur de Pigeon
12	L0481-Dwarf-Cherokee-Tiger-Large-Red	Dwarf Cherokee Tiger Large Red
12	L0715-Belle-de-Lorraine	Belle de Lorraine
12	L0696-Dwarf-Champion-Improved	Dwarf Champion Improved
12	P6618-Ponderosa-Golden	Ponderosa Golden
12	L0725-Mangue	Mangue
12	P6227-Pantano-Romanesco	Pantano Romanesco
12	L0874-Wolverine	Wolverine
12	L0943-Voyage	Voyage
12	L0942-Couille-de-Taureau	Couille de Taureau
